Номер;Дата создания;Дата оплаты;Title;Статус;Заработано;Город;Платежная система
1062823;01.12.2019 10:50;01.12.2019 10:52;Курс обучения «Эксперт»;Завершен;29597.5;Чита;Сбербанк эквайринг
1062855;01.12.2019 20:53;01.12.2019 21:27;Курс обучения «Эксперт»;Завершен;17450.3;Краснодар;Яндекс.Касса
1062856;01.12.2019 21:43;;Курс обучения «Специалист»;Отменен;0;;
1062880;03.12.2019 0:18;;Курс обучения «Консультант»;Отменен;0;г.Москва и Московская область;
1062899;03.12.2019 21:43;;Курс обучения «Эксперт»;Отменен;0;г.Москва и Московская область;
1062900;03.12.2019 21:49;;Курс обучения «Консультант»;Отменен;0;Краснодарский край;
1062911;04.12.2019 13:12;;Курс обучения «Консультант»;Отменен;0;;
1062914;04.12.2019 14:57;;Курс обучения «Консультант»;Отменен;0;Республика Башкортостан;
1062915;04.12.2019 16:08;;Курс обучения «Эксперт»;Отменен;0;Тульская область;
1062925;04.12.2019 21:51;;Курс обучения «Эксперт»;Отменен;0;Республика Татарстан;
1062927;04.12.2019 22:02;;Курс обучения «Специалист»;Отменен;0;г.Москва и Московская область;
1062931;04.12.2019 23:11;;Курс обучения «Эксперт»;Отменен;0;Ростовская область;
1062938;05.12.2019 12:07;22.12.2019 12:29;Курс обучения «Консультант»;Завершен;8910;Пермский край;Яндекс.Касса
1062940;05.12.2019 15:35;05.12.2019 15:40;Курс от Школы Диетологов. Бизнес;Завершен;9394.56;Воронежская область;Бонусный счет,Сбербанк эквайринг
1062947;05.12.2019 21:39;07.12.2019 13:35;Курс обучения «Консультант»;Завершен;5044.05;Massagno;PayPal
1062948;05.12.2019 21:56;;Курс обучения «Эксперт»;Отменен;0;Ставропольский край;
1062949;05.12.2019 21:57;06.12.2019 9:15;Курс обучения «Эксперт»;Завершен;29597.5;г.Санкт-Петербург и Ленинградская область;Сбербанк эквайринг
1062950;05.12.2019 22:06;;Курс обучения «Консультант»;Отменен;0;Ставропольский край;
1062984;07.12.2019 8:25;;Курс обучения «Консультант»;Отменен;0;Республика Саха (Якутия);
1063012;08.12.2019 21:43;08.12.2019 22:21;Курс обучения «Консультант»;Завершен;9800.36;Воронежская область;Сбербанк эквайринг
1063013;08.12.2019 21:45;;Курс обучения «Консультант»;Отменен;0;г.Санкт-Петербург и Ленинградская область;
1063014;08.12.2019 21:58;08.12.2019 23:51;Курс обучения «Эксперт»;Завершен;29597.5;г.Санкт-Петербург и Ленинградская область;Сбербанк эквайринг
1063020;09.12.2019 8:17;;Курс обучения «Консультант»;Отменен;0;Республика Саха (Якутия);
1063032;09.12.2019 21:44;11.12.2019 20:06;Курс обучения «Консультант»;Завершен;9649.03;Ужгород;CloudPayments
1063051;10.12.2019 21:42;10.12.2019 21:46;Курс обучения «Консультант»;Завершен;9800.36;г.Москва и Московская область;Сбербанк эквайринг
1063055;10.12.2019 21:58;11.12.2019 16:02;Курс обучения «Консультант»;Завершен;9800.36;Смоленская область;Сбербанк эквайринг
1063084;11.12.2019 17:04;11.12.2019 17:05;Курс обучения «Консультант»;Завершен;1;г.Москва и Московская область;Другое
1063087;11.12.2019 17:10;11.12.2019 17:10;Курс обучения «Консультант»;Завершен;1;Москва;Другое
1063089;11.12.2019 17:14;11.12.2019 17:14;Курс обучения «Консультант»;Завершен;1;г.Москва и Московская область;Другое
1063090;11.12.2019 17:16;11.12.2019 17:16;Курс обучения «Консультант»;Завершен;1;Люберцы;Другое
1063092;11.12.2019 17:19;11.12.2019 17:19;Курс обучения «Консультант»;Завершен;1;Москва;Другое
1063093;11.12.2019 17:23;11.12.2019 17:24;Курс обучения «Консультант»;Завершен;1;москва;Другое
1063094;11.12.2019 17:25;11.12.2019 17:26;Курс обучения «Консультант»;Завершен;1;г.Москва и Московская область;Другое
1063109;11.12.2019 23:52;12.12.2019 0:02;Курс от Школы Диетологов. Повышение квалификации. ;Завершен;9898.56;Одинцово;Сбербанк эквайринг,Бонусный счет
1063174;13.12.2019 13:30;;Курс обучения «Эксперт»;Отменен;0;;
1063186;13.12.2019 15:30;;Курс обучения «Эксперт»;Отменен;0;Самарская область;
1063225;14.12.2019 0:26;;Курс обучения «Эксперт»;Отменен;0;г.Москва и Московская область;
1063251;14.12.2019 14:34;18.12.2019 13:11;Курс обучения «Эксперт»;Завершен;42750;Балхаш;Системы быстрых переводов
1063256;14.12.2019 15:57;14.12.2019 16:49;Курс обучения «Консультант»;Завершен;14097.8;Свердловская область;Сбербанк эквайринг
1063282;14.12.2019 21:42;;Курс обучения «Эксперт»;Отменен;0;Республика Бурятия;
1063283;14.12.2019 21:55;14.12.2019 23:57;Курс обучения «Специалист»;Завершен;19698.9;г.Москва и Московская область;Сбербанк эквайринг
1063291;15.12.2019 1:27;23.12.2019 23:37;Курс обучения «Консультант»;Завершен;9305.36;Краснодарский край;Сбербанк эквайринг
1063295;15.12.2019 10:58;15.12.2019 13:00;Курс обучения «Консультант»;Завершен;9305.36;Ямало-Ненецкий автономный округ г. Ноябрьск;Сбербанк эквайринг
1063302;15.12.2019 14:33;;Курс от Школы Диетологов. Бизнес;Отменен;0;Киев;
1063310;15.12.2019 21:44;;Курс обучения «Специалист»;Отменен;0;г.Москва и Московская область;
1063314;15.12.2019 21:57;17.12.2019 21:02;Курс обучения «Консультант»;Завершен;9800.36;Воронежская область;Сбербанк эквайринг
1063333;16.12.2019 11:11;17.12.2019 13:42;Курс обучения «Специалист»;Завершен;29695.7;Московская область, г. Подольск;Сбербанк эквайринг
1063349;16.12.2019 19:59;17.12.2019 14:19;Курс обучения «Консультант»;Завершен;9405;Ростовская область;Яндекс.Касса
1063367;16.12.2019 21:53;;Курс обучения «Эксперт»;Отменен;0;Калужская область;
1063368;16.12.2019 21:56;;Курс обучения «Консультант»;Отменен;0;Республика Башкортостан;
1063391;17.12.2019 9:59;17.12.2019 10:01;Курс обучения «Специалист»;Завершен;29695.7;Краснодар;Сбербанк эквайринг
1063419;17.12.2019 21:47;;Курс обучения «Эксперт»;Отменен;0;г.Москва и Московская область;
1063422;17.12.2019 21:51;;Курс обучения «Консультант»;Отменен;0;Краснодарский край;
1063572;19.12.2019 16:04;;Курс обучения «Консультант»;Отменен;0;Кемеровская область;
1063582;19.12.2019 20:52;19.12.2019 20:54;Подписка «ОНЛАЙН ДИЕТОЛОГ» с ежемесячным автосписанием;Завершен;2935.44;Архангельская область и Ненецкий автономный округ;Яндекс.Касса
1063583;19.12.2019 20:53;19.12.2019 22:06;Подписка «ОНЛАЙН ДИЕТОЛОГ» с ежемесячным автосписанием;Завершен;2935.44;Республика Башкортостан;Яндекс.Касса
1063584;19.12.2019 20:53;20.12.2019 15:28;Подписка «ОНЛАЙН ДИЕТОЛОГ» с ежемесячным автосписанием;Завершен;2935.44;г.Санкт-Петербург и Ленинградская область;Яндекс.Касса
1063585;19.12.2019 20:53;19.12.2019 20:56;Подписка «ОНЛАЙН ДИЕТОЛОГ» с ежемесячным автосписанием;Завершен;2935.44;Миасс;Яндекс.Касса
1063586;19.12.2019 20:53;19.12.2019 21:18;Подписка «ОНЛАЙН ДИЕТОЛОГ» с ежемесячным автосписанием;Завершен;2935.44;г.Москва и Московская область;Яндекс.Касса
1063587;19.12.2019 20:54;;Подписка «ОНЛАЙН ДИЕТОЛОГ» с ежемесячным автосписанием;Отменен;0;Кемеровская область;
1063588;19.12.2019 20:54;19.12.2019 20:58;Подписка «ОНЛАЙН ДИЕТОЛОГ» с ежемесячным автосписанием;Завершен;2935.44;Ямало-Ненецкий автономный округ г. Ноябрьск;Яндекс.Касса
1063589;19.12.2019 20:54;;Подписка «ОНЛАЙН ДИЕТОЛОГ» с ежемесячным автосписанием;Отменен;0;г.Москва и Московская область;
1063591;19.12.2019 20:55;19.12.2019 20:58;Подписка «ОНЛАЙН ДИЕТОЛОГ» с ежемесячным автосписанием;Завершен;2935.44;Малоярославец;Яндекс.Касса
1063593;19.12.2019 20:55;19.12.2019 20:59;Подписка «ОНЛАЙН ДИЕТОЛОГ» с ежемесячным автосписанием;Завершен;2935.44;Краснодарский край;Яндекс.Касса
1063594;19.12.2019 20:55;21.12.2019 10:49;Подписка «ОНЛАЙН ДИЕТОЛОГ» с ежемесячным автосписанием;Завершен;2935.44;Сергиев посад ;Яндекс.Касса
1063595;19.12.2019 20:55;;Подписка «ОНЛАЙН ДИЕТОЛОГ» с ежемесячным автосписанием;Отменен;0;Свердловская область;
1063596;19.12.2019 20:55;19.12.2019 20:58;Подписка «ОНЛАЙН ДИЕТОЛОГ» с ежемесячным автосписанием;Завершен;2935.44;г.Москва и Московская область;Яндекс.Касса
1063598;19.12.2019 20:55;19.12.2019 21:40;Подписка «ОНЛАЙН ДИЕТОЛОГ» с ежемесячным автосписанием;Завершен;2935.44;Республика Коми;Яндекс.Касса
1063599;19.12.2019 20:56;;Подписка «ОНЛАЙН ДИЕТОЛОГ» с ежемесячным автосписанием;Ожидаем оплаты;0;Троицк (Москва);
1063602;19.12.2019 20:56;19.12.2019 20:59;Подписка «ОНЛАЙН ДИЕТОЛОГ» с ежемесячным автосписанием;Завершен;2935.44;Краснодарский край;Яндекс.Касса
1063604;19.12.2019 20:56;19.12.2019 21:01;Подписка «ОНЛАЙН ДИЕТОЛОГ» с ежемесячным автосписанием;Завершен;2935.44;Мурманская область;Яндекс.Касса
1063605;19.12.2019 20:56;19.12.2019 21:03;Подписка «ОНЛАЙН ДИЕТОЛОГ» с ежемесячным автосписанием;Завершен;2935.44;Свердловская область;Яндекс.Касса
1063606;19.12.2019 20:56;19.12.2019 20:59;Подписка «ОНЛАЙН ДИЕТОЛОГ» с ежемесячным автосписанием;Завершен;2935.44;г.Москва и Московская область;Яндекс.Касса
1063608;19.12.2019 20:57;19.12.2019 21:30;Подписка «ОНЛАЙН ДИЕТОЛОГ» с ежемесячным автосписанием;Завершен;2935.44;Новый Уренгой;Яндекс.Касса
1063609;19.12.2019 20:57;19.12.2019 21:01;Подписка «ОНЛАЙН ДИЕТОЛОГ» с ежемесячным автосписанием;Завершен;2935.44;Удмуртская Республика;Яндекс.Касса
1063610;19.12.2019 20:57;19.12.2019 21:04;Подписка «ОНЛАЙН ДИЕТОЛОГ» с ежемесячным автосписанием;Завершен;2935.44;Мурманская область;Яндекс.Касса
1063612;19.12.2019 20:57;19.12.2019 21:27;Подписка «ОНЛАЙН ДИЕТОЛОГ» с ежемесячным автосписанием;Завершен;2935.44;Ямало-Ненецкий автономный округ;Яндекс.Касса
1063615;19.12.2019 20:58;19.12.2019 21:05;Подписка «ОНЛАЙН ДИЕТОЛОГ» с ежемесячным автосписанием;Завершен;2914.3;Алматы;CloudPayments
1063616;19.12.2019 20:58;19.12.2019 21:47;Подписка «ОНЛАЙН ДИЕТОЛОГ» с ежемесячным автосписанием;Завершен;2935.44;г.Москва и Московская область;Яндекс.Касса
1063617;19.12.2019 20:58;;Подписка «ОНЛАЙН ДИЕТОЛОГ» с ежемесячным автосписанием;Отменен;0;Омская область;
1063618;19.12.2019 20:59;19.12.2019 21:07;Подписка «ОНЛАЙН ДИЕТОЛОГ» с ежемесячным автосписанием;Завершен;2935.44;Омская область;Яндекс.Касса
1063619;19.12.2019 20:59;19.12.2019 21:03;Подписка «ОНЛАЙН ДИЕТОЛОГ» с ежемесячным автосписанием;Завершен;2935.44;г.Москва и Московская область;Яндекс.Касса
1063620;19.12.2019 20:59;19.12.2019 21:04;Подписка «ОНЛАЙН ДИЕТОЛОГ» с ежемесячным автосписанием;Завершен;2935.44;Орел;Яндекс.Касса
1063622;19.12.2019 20:59;19.12.2019 21:03;Подписка «ОНЛАЙН ДИЕТОЛОГ» с ежемесячным автосписанием;Завершен;2935.44;Самарская область;Яндекс.Касса
1063623;19.12.2019 20:59;20.12.2019 10:59;Подписка «ОНЛАЙН ДИЕТОЛОГ» с ежемесячным автосписанием;Завершен;2935.44;Республика Татарстан;Яндекс.Касса
1063624;19.12.2019 20:59;;Подписка «ОНЛАЙН ДИЕТОЛОГ» с ежемесячным автосписанием;Отменен;0;Краснодарский край;
1063629;19.12.2019 21:00;19.12.2019 21:36;Подписка «ОНЛАЙН ДИЕТОЛОГ» с ежемесячным автосписанием;Завершен;2935.44;Волгоградская область;Яндекс.Касса
1063630;19.12.2019 21:00;19.12.2019 21:18;Подписка «ОНЛАЙН ДИЕТОЛОГ» с ежемесячным автосписанием;Завершен;2935.44;г.Москва и Московская область;Яндекс.Касса
1063632;19.12.2019 21:00;19.12.2019 21:16;Подписка «ОНЛАЙН ДИЕТОЛОГ» с ежемесячным автосписанием;Завершен;2935.44;Ульяновск;Яндекс.Касса
1063633;19.12.2019 21:01;;Подписка «ОНЛАЙН ДИЕТОЛОГ» с ежемесячным автосписанием;Отменен;0;Луганск;
1063635;19.12.2019 21:01;;Подписка «ОНЛАЙН ДИЕТОЛОГ» с ежемесячным автосписанием;Отменен;0;Свердловская область;
1063636;19.12.2019 21:01;19.12.2019 21:04;Подписка «ОНЛАЙН ДИЕТОЛОГ» с ежемесячным автосписанием;Завершен;2935.44;ТУЛА;Яндекс.Касса
1063637;19.12.2019 21:01;20.12.2019 13:07;Подписка «ОНЛАЙН ДИЕТОЛОГ» с ежемесячным автосписанием;Завершен;2935.44;Свердловская область;Яндекс.Касса
1063638;19.12.2019 21:01;19.12.2019 21:08;Подписка «ОНЛАЙН ДИЕТОЛОГ» с ежемесячным автосписанием;Завершен;2935.44;г.Москва и Московская область;Яндекс.Касса
1063639;19.12.2019 21:01;19.12.2019 21:05;Подписка «ОНЛАЙН ДИЕТОЛОГ» с ежемесячным автосписанием;Завершен;2935.44;Ханты-Мансийский автономный округ - Югра;Яндекс.Касса
1063640;19.12.2019 21:01;19.12.2019 21:53;Подписка «ОНЛАЙН ДИЕТОЛОГ» с ежемесячным автосписанием;Завершен;2935.44;Феодосия;Яндекс.Касса
1063641;19.12.2019 21:01;19.12.2019 21:08;Подписка «ОНЛАЙН ДИЕТОЛОГ» с ежемесячным автосписанием;Завершен;2935.44;Челябинская область;Яндекс.Касса
1063642;19.12.2019 21:02;;Подписка «ОНЛАЙН ДИЕТОЛОГ» с ежемесячным автосписанием;Отменен;0;г.Москва и Московская область;
1063644;19.12.2019 21:02;19.12.2019 21:05;Подписка «ОНЛАЙН ДИЕТОЛОГ» с ежемесячным автосписанием;Завершен;2935.44;Ставропольский край;Яндекс.Касса
1063646;19.12.2019 21:02;19.12.2019 21:15;Подписка «ОНЛАЙН ДИЕТОЛОГ» с ежемесячным автосписанием;Завершен;2914.3;;CloudPayments
1063648;19.12.2019 21:02;19.12.2019 21:57;Подписка «ОНЛАЙН ДИЕТОЛОГ» с ежемесячным автосписанием;Завершен;2935.44;Краснодарский край;Яндекс.Касса
1063649;19.12.2019 21:03;;Подписка «ОНЛАЙН ДИЕТОЛОГ» с ежемесячным автосписанием;Отменен;0;нижний Новгород;
1063650;19.12.2019 21:03;20.12.2019 21:34;Подписка «ОНЛАЙН ДИЕТОЛОГ» с ежемесячным автосписанием;Завершен;2935.44;Республика Карелия;Яндекс.Касса
1063651;19.12.2019 21:03;19.12.2019 21:09;Подписка «ОНЛАЙН ДИЕТОЛОГ» с ежемесячным автосписанием;Завершен;2935.44;Саратовская область;Яндекс.Касса
1063652;19.12.2019 21:03;19.12.2019 21:36;Подписка «ОНЛАЙН ДИЕТОЛОГ» с ежемесячным автосписанием;Завершен;2935.44;Саратовская область;Яндекс.Касса
1063653;19.12.2019 21:03;;Подписка «ОНЛАЙН ДИЕТОЛОГ» с ежемесячным автосписанием;Отменен;0;Приморский край;
1063654;19.12.2019 21:03;19.12.2019 21:43;Подписка «ОНЛАЙН ДИЕТОЛОГ» с ежемесячным автосписанием;Завершен;2935.44;г.Санкт-Петербург и Ленинградская область;Яндекс.Касса
1063656;19.12.2019 21:03;19.12.2019 21:05;Подписка «ОНЛАЙН ДИЕТОЛОГ» с ежемесячным автосписанием;Завершен;2935.44;Москва;Яндекс.Касса
1063657;19.12.2019 21:03;;Подписка «ОНЛАЙН ДИЕТОЛОГ» с ежемесячным автосписанием;Отменен;0;Камень-на-Оби;
1063658;19.12.2019 21:03;;Подписка «ОНЛАЙН ДИЕТОЛОГ» с ежемесячным автосписанием;Отменен;0;Киров;
1063659;19.12.2019 21:04;19.12.2019 23:50;Подписка «ОНЛАЙН ДИЕТОЛОГ» с ежемесячным автосписанием;Завершен;2935.44;Краснодарский край;Яндекс.Касса
1063660;19.12.2019 21:04;28.12.2019 17:40;Подписка «ОНЛАЙН ДИЕТОЛОГ» с ежемесячным автосписанием;Завершен;2944.5;Кизема;CloudPayments
1063661;19.12.2019 21:04;19.12.2019 21:07;Подписка «ОНЛАЙН ДИЕТОЛОГ» с ежемесячным автосписанием;Завершен;2935.44;Самарская область;Яндекс.Касса
1063662;19.12.2019 21:04;19.12.2019 21:09;Подписка «ОНЛАЙН ДИЕТОЛОГ» с ежемесячным автосписанием;Завершен;2935.44;Тольятти;Яндекс.Касса
1063664;19.12.2019 21:04;21.12.2019 14:47;Подписка «ОНЛАЙН ДИЕТОЛОГ» с ежемесячным автосписанием;Завершен;2935.44;Краснодарский край;Яндекс.Касса
1063665;19.12.2019 21:04;19.12.2019 21:08;Подписка «ОНЛАЙН ДИЕТОЛОГ» с ежемесячным автосписанием;Завершен;2935.44;г.Москва и Московская область;Яндекс.Касса
1063666;19.12.2019 21:04;25.12.2019 16:09;Подписка «ОНЛАЙН ДИЕТОЛОГ» с ежемесячным автосписанием;Завершен;2990;Челябинская область;Безналичный расчёт
1063667;19.12.2019 21:05;19.12.2019 21:14;Подписка «ОНЛАЙН ДИЕТОЛОГ» с ежемесячным автосписанием;Завершен;2935.44;г.Москва и Московская область;Яндекс.Касса
1063668;19.12.2019 21:05;;Подписка «ОНЛАЙН ДИЕТОЛОГ» с ежемесячным автосписанием;Отменен;0;Севастополь;
1063671;19.12.2019 21:05;20.12.2019 15:34;Подписка «ОНЛАЙН ДИЕТОЛОГ» с ежемесячным автосписанием;Завершен;2935.44;г.Москва и Московская область;Яндекс.Касса
1063672;19.12.2019 21:05;19.12.2019 21:09;Подписка «ОНЛАЙН ДИЕТОЛОГ» с ежемесячным автосписанием;Завершен;2935.44;Екатеринбург ;Яндекс.Касса
1063673;19.12.2019 21:05;19.12.2019 21:09;Подписка «ОНЛАЙН ДИЕТОЛОГ» с ежемесячным автосписанием;Завершен;2935.44;Белгород;Яндекс.Касса
1063674;19.12.2019 21:05;19.12.2019 21:59;Подписка «ОНЛАЙН ДИЕТОЛОГ» с ежемесячным автосписанием;Завершен;2935.44;Краснодарский край;Яндекс.Касса
1063675;19.12.2019 21:06;19.12.2019 21:12;Подписка «ОНЛАЙН ДИЕТОЛОГ» с ежемесячным автосписанием;Завершен;2935.44;Санкт-Петербург;Яндекс.Касса
1063676;19.12.2019 21:06;;Подписка «ОНЛАЙН ДИЕТОЛОГ» с ежемесячным автосписанием;Отменен;0;Кемеровская область;
1063677;19.12.2019 21:06;;Подписка «ОНЛАЙН ДИЕТОЛОГ» с ежемесячным автосписанием;Отменен;0;Старый Оскол ;
1063678;19.12.2019 21:06;20.12.2019 15:07;Подписка «ОНЛАЙН ДИЕТОЛОГ» с ежемесячным автосписанием;Завершен;2935.44;Свердловская область;Яндекс.Касса
1063679;19.12.2019 21:06;;Подписка «ОНЛАЙН ДИЕТОЛОГ» с ежемесячным автосписанием;Отменен;0;;
1063680;19.12.2019 21:06;19.12.2019 21:12;Подписка «ОНЛАЙН ДИЕТОЛОГ» с ежемесячным автосписанием;Завершен;2935.44;Саратовская область;Яндекс.Касса
1063681;19.12.2019 21:07;19.12.2019 21:13;Подписка «ОНЛАЙН ДИЕТОЛОГ» с ежемесячным автосписанием;Завершен;2935.44;г.Санкт-Петербург и Ленинградская область;Яндекс.Касса
1063682;19.12.2019 21:07;19.12.2019 21:19;Подписка «ОНЛАЙН ДИЕТОЛОГ» с ежемесячным автосписанием;Завершен;2935.44;Ессентуки;Яндекс.Касса
1063683;19.12.2019 21:07;21.12.2019 18:52;Подписка «ОНЛАЙН ДИЕТОЛОГ» с ежемесячным автосписанием;Завершен;2935.44;Кемеровская область;Яндекс.Касса
1063684;19.12.2019 21:07;19.12.2019 21:14;Подписка «ОНЛАЙН ДИЕТОЛОГ» с ежемесячным автосписанием;Завершен;2935.44;Рязанская область;Яндекс.Касса
1063685;19.12.2019 21:07;19.12.2019 21:25;Подписка «ОНЛАЙН ДИЕТОЛОГ» с ежемесячным автосписанием;Завершен;2935.44;Красноярский край;Яндекс.Касса
1063686;19.12.2019 21:07;;Подписка «ОНЛАЙН ДИЕТОЛОГ» с ежемесячным автосписанием;Отменен;0;Армавир;
1063687;19.12.2019 21:07;;Подписка «ОНЛАЙН ДИЕТОЛОГ» с ежемесячным автосписанием;Отменен;0;Донецкая обл;
1063688;19.12.2019 21:07;;Подписка «ОНЛАЙН ДИЕТОЛОГ» с ежемесячным автосписанием;Отменен;0;Краснодарский край;
1063689;19.12.2019 21:08;21.12.2019 10:03;Подписка «ОНЛАЙН ДИЕТОЛОГ» с ежемесячным автосписанием;Завершен;2935.44;г.Москва и Московская область;Яндекс.Касса
1063690;19.12.2019 21:08;19.12.2019 21:27;Подписка «ОНЛАЙН ДИЕТОЛОГ» с ежемесячным автосписанием;Завершен;2935.44;Саров;Яндекс.Касса
1063691;19.12.2019 21:08;20.12.2019 15:03;Подписка «ОНЛАЙН ДИЕТОЛОГ» с ежемесячным автосписанием;Завершен;2935.44;г.Санкт-Петербург и Ленинградская область;Яндекс.Касса
1063692;19.12.2019 21:08;;Подписка «ОНЛАЙН ДИЕТОЛОГ» с ежемесячным автосписанием;Отменен;0;Республика Башкортостан;
1063693;19.12.2019 21:08;19.12.2019 21:13;Подписка «ОНЛАЙН ДИЕТОЛОГ» с ежемесячным автосписанием;Завершен;2935.44;Ростовская область;Яндекс.Касса
1063694;19.12.2019 21:08;19.12.2019 21:25;Подписка «ОНЛАЙН ДИЕТОЛОГ» с ежемесячным автосписанием;Завершен;2935.44;Краснодарский край;Яндекс.Касса
1063695;19.12.2019 21:08;19.12.2019 21:16;Подписка «ОНЛАЙН ДИЕТОЛОГ» с ежемесячным автосписанием;Завершен;2935.44;Краснодарский край;Яндекс.Касса
1063696;19.12.2019 21:08;;Подписка «ОНЛАЙН ДИЕТОЛОГ» с ежемесячным автосписанием;Отменен;0;Новосибирская область;
1063697;19.12.2019 21:08;;Подписка «ОНЛАЙН ДИЕТОЛОГ» с ежемесячным автосписанием;Отменен;0;Ростовская область;
1063698;19.12.2019 21:08;;Подписка «ОНЛАЙН ДИЕТОЛОГ» с ежемесячным автосписанием;Отменен;0;;
1063699;19.12.2019 21:08;;Подписка «ОНЛАЙН ДИЕТОЛОГ» с ежемесячным автосписанием;Отменен;0;г.Санкт-Петербург и Ленинградская область;
1063700;19.12.2019 21:08;21.12.2019 6:56;Подписка «ОНЛАЙН ДИЕТОЛОГ» с ежемесячным автосписанием;Завершен;2935.44;Республика Коми;Яндекс.Касса
1063701;19.12.2019 21:08;21.12.2019 4:05;Подписка «ОНЛАЙН ДИЕТОЛОГ» с ежемесячным автосписанием;Завершен;2935.44;Кемерово;Яндекс.Касса
1063703;19.12.2019 21:08;22.12.2019 16:03;Подписка «ОНЛАЙН ДИЕТОЛОГ» с ежемесячным автосписанием;Завершен;2840.5;;PayPal
1063705;19.12.2019 21:09;;Подписка «ОНЛАЙН ДИЕТОЛОГ» с ежемесячным автосписанием;Отменен;0;Волгоград;
1063706;19.12.2019 21:09;;Подписка «ОНЛАЙН ДИЕТОЛОГ» с ежемесячным автосписанием;Отменен;0;Краснодар;
1063707;19.12.2019 21:09;;Подписка «ОНЛАЙН ДИЕТОЛОГ» с ежемесячным автосписанием;Отменен;0;Астрахань ;
1063708;19.12.2019 21:09;;Подписка «ОНЛАЙН ДИЕТОЛОГ» с ежемесячным автосписанием;Отменен;0;Амурская область;
1063710;19.12.2019 21:09;;Подписка «ОНЛАЙН ДИЕТОЛОГ» с ежемесячным автосписанием;Отменен;0;Ростовская область;
1063711;19.12.2019 21:09;;Подписка «ОНЛАЙН ДИЕТОЛОГ» с ежемесячным автосписанием;Отменен;0;г.Санкт-Петербург и Ленинградская область;
1063712;19.12.2019 21:09;;Подписка «ОНЛАЙН ДИЕТОЛОГ» с ежемесячным автосписанием;Отменен;0;Нижегородская область;
1063713;19.12.2019 21:09;;Подписка «ОНЛАЙН ДИЕТОЛОГ» с ежемесячным автосписанием;Отменен;0;Ростовская область;
1063714;19.12.2019 21:09;;Подписка «ОНЛАЙН ДИЕТОЛОГ» с ежемесячным автосписанием;Отменен;0;Курск;
1063715;19.12.2019 21:09;21.12.2019 13:06;Подписка «ОНЛАЙН ДИЕТОЛОГ» с ежемесячным автосписанием;Завершен;2935.44;Краснодарский край;Яндекс.Касса
1063716;19.12.2019 21:10;;Подписка «ОНЛАЙН ДИЕТОЛОГ» с ежемесячным автосписанием;Отменен;0;Курганская область;
1063717;19.12.2019 21:10;;Подписка «ОНЛАЙН ДИЕТОЛОГ» с ежемесячным автосписанием;Отменен;0;Оренбургская область;
1063718;19.12.2019 21:10;20.12.2019 14:24;Подписка «ОНЛАЙН ДИЕТОЛОГ» с ежемесячным автосписанием;Завершен;2935.44;г.Санкт-Петербург и Ленинградская область;Яндекс.Касса
1063719;19.12.2019 21:10;21.12.2019 16:51;Подписка «ОНЛАЙН ДИЕТОЛОГ» с ежемесячным автосписанием;Завершен;2935.44;Республика Карелия;Яндекс.Касса
1063720;19.12.2019 21:10;21.12.2019 14:07;Подписка «ОНЛАЙН ДИЕТОЛОГ» с ежемесячным автосписанием;Завершен;2935.44;Мурманская область;Яндекс.Касса
1063722;19.12.2019 21:11;19.12.2019 21:14;Подписка «ОНЛАЙН ДИЕТОЛОГ» с ежемесячным автосписанием;Завершен;2935.44;Томская область;Яндекс.Касса
1063723;19.12.2019 21:11;19.12.2019 21:15;Подписка «ОНЛАЙН ДИЕТОЛОГ» с ежемесячным автосписанием;Завершен;2935.44;Киров;Яндекс.Касса
1063727;19.12.2019 21:12;;Подписка «ОНЛАЙН ДИЕТОЛОГ» с ежемесячным автосписанием;Отменен;0;Республика Башкортостан;
1063728;19.12.2019 21:12;19.12.2019 21:18;Подписка «ОНЛАЙН ДИЕТОЛОГ» с ежемесячным автосписанием;Завершен;2935.44;Краснодарский край;Яндекс.Касса
1063729;19.12.2019 21:12;19.12.2019 21:34;Подписка «ОНЛАЙН ДИЕТОЛОГ» с ежемесячным автосписанием;Завершен;2935.44;Челябинская область;Яндекс.Касса
1063730;19.12.2019 21:12;;Подписка «ОНЛАЙН ДИЕТОЛОГ» с ежемесячным автосписанием;Отменен;0;Ижевск;
1063731;19.12.2019 21:12;;Подписка «ОНЛАЙН ДИЕТОЛОГ» с ежемесячным автосписанием;Отменен;0;Пермский край;
1063732;19.12.2019 21:12;;Подписка «ОНЛАЙН ДИЕТОЛОГ» с ежемесячным автосписанием;Отменен;0;г.Москва и Московская область;
1063734;19.12.2019 21:13;;Подписка «ОНЛАЙН ДИЕТОЛОГ» с ежемесячным автосписанием;Отменен;0;Ставропольский край, г Кисловодск;
1063735;19.12.2019 21:13;21.12.2019 19:37;Подписка «ОНЛАЙН ДИЕТОЛОГ» с ежемесячным автосписанием;Завершен;2935.44;Краснодар;Яндекс.Касса
1063736;19.12.2019 21:14;;Подписка «ОНЛАЙН ДИЕТОЛОГ» с ежемесячным автосписанием;Отменен;0;Волгоградская область;
1063737;19.12.2019 21:14;21.12.2019 19:46;Подписка «ОНЛАЙН ДИЕТОЛОГ» с ежемесячным автосписанием;Завершен;2935.44;Москва;Яндекс.Касса
1063738;19.12.2019 21:14;19.12.2019 21:19;Подписка «ОНЛАЙН ДИЕТОЛОГ» с ежемесячным автосписанием;Завершен;2935.44;Краснодарский край;Яндекс.Касса
1063739;19.12.2019 21:14;25.12.2019 18:36;Подписка «ОНЛАЙН ДИЕТОЛОГ» с ежемесячным автосписанием;Завершен;2935.44;Кемеровская область;Яндекс.Касса
1063740;19.12.2019 21:14;27.12.2019 14:25;Подписка «ОНЛАЙН ДИЕТОЛОГ» с ежемесячным автосписанием;Завершен;2935.44;Хабаровский край;Яндекс.Касса
1063741;19.12.2019 21:14;19.12.2019 21:27;Подписка «ОНЛАЙН ДИЕТОЛОГ» с ежемесячным автосписанием;Завершен;2944.5;Новосибирская область;CloudPayments
1063742;19.12.2019 21:15;19.12.2019 21:18;Подписка «ОНЛАЙН ДИЕТОЛОГ» с ежемесячным автосписанием;Завершен;2944.5;Самарская область;CloudPayments
1063744;19.12.2019 21:15;;Подписка «ОНЛАЙН ДИЕТОЛОГ» с ежемесячным автосписанием;Отменен;0;г.Москва и Московская область;
1063746;19.12.2019 21:16;19.12.2019 21:19;Подписка «ОНЛАЙН ДИЕТОЛОГ» с ежемесячным автосписанием;Завершен;2935.44;Пермский край;Яндекс.Касса
1063749;19.12.2019 21:17;;Подписка «ОНЛАЙН ДИЕТОЛОГ» с ежемесячным автосписанием;Отменен;0;Саратовская область;
1063751;19.12.2019 21:17;19.12.2019 21:21;Подписка «ОНЛАЙН ДИЕТОЛОГ» с ежемесячным автосписанием;Завершен;2935.44;Нижегородская область;Яндекс.Касса
1063752;19.12.2019 21:17;19.12.2019 22:21;Подписка «ОНЛАЙН ДИЕТОЛОГ» с ежемесячным автосписанием;Завершен;2935.44;Брянская область;Яндекс.Касса
1063753;19.12.2019 21:19;19.12.2019 21:21;Подписка «ОНЛАЙН ДИЕТОЛОГ» с ежемесячным автосписанием;Завершен;2944.5;Красноярский край;CloudPayments
1063754;19.12.2019 21:20;20.12.2019 23:53;Подписка «ОНЛАЙН ДИЕТОЛОГ» с ежемесячным автосписанием;Завершен;2990;Саки Республика Крым;Безналичный расчёт
1063756;19.12.2019 21:25;19.12.2019 22:06;Подписка «ОНЛАЙН ДИЕТОЛОГ» с ежемесячным автосписанием;Завершен;2935.44;Санкт-Петербург;Яндекс.Касса
1063758;19.12.2019 21:26;19.12.2019 21:31;Подписка «ОНЛАЙН ДИЕТОЛОГ» с ежемесячным автосписанием;Завершен;2935.44;Тюменская область;Яндекс.Касса
1063759;19.12.2019 21:27;21.12.2019 20:12;Подписка «ОНЛАЙН ДИЕТОЛОГ» с ежемесячным автосписанием;Завершен;2935.44;Свердловская область;Яндекс.Касса
1063761;19.12.2019 21:28;21.12.2019 17:46;Подписка «ОНЛАЙН ДИЕТОЛОГ» с ежемесячным автосписанием;Завершен;2935.44;Саратовская область;Яндекс.Касса
1063762;19.12.2019 21:29;;Подписка «ОНЛАЙН ДИЕТОЛОГ» с ежемесячным автосписанием;Отменен;0;;
1063765;19.12.2019 21:32;20.12.2019 15:30;Подписка «ОНЛАЙН ДИЕТОЛОГ» с ежемесячным автосписанием;Завершен;2935.44;Челябинская область;Яндекс.Касса
1063766;19.12.2019 21:33;;Подписка «ОНЛАЙН ДИЕТОЛОГ» с ежемесячным автосписанием;Отменен;0;Казань;
1063767;19.12.2019 21:33;;Подписка «ОНЛАЙН ДИЕТОЛОГ» с ежемесячным автосписанием;Отменен;0;Чувашская Республика - Чувашия;
1063771;19.12.2019 21:36;19.12.2019 21:49;Подписка «ОНЛАЙН ДИЕТОЛОГ» с ежемесячным автосписанием;Завершен;2935.44;г.Москва и Московская область;Яндекс.Касса
1063772;19.12.2019 21:36;;Подписка «ОНЛАЙН ДИЕТОЛОГ» с ежемесячным автосписанием;Отменен;0;г.Москва и Московская область;
1063775;19.12.2019 21:38;;Подписка «ОНЛАЙН ДИЕТОЛОГ» с ежемесячным автосписанием;Отменен;0;г.Санкт-Петербург и Ленинградская область;
1063776;19.12.2019 21:39;21.12.2019 23:02;Подписка «ОНЛАЙН ДИЕТОЛОГ» с ежемесячным автосписанием;Завершен;2935.44;Ростовская область  г. Новочеркасск;Яндекс.Касса
1063778;19.12.2019 21:42;;Подписка «ОНЛАЙН ДИЕТОЛОГ» с ежемесячным автосписанием;Отменен;0;г.Москва и Московская область;
1063781;19.12.2019 21:45;19.12.2019 21:53;Подписка «ОНЛАЙН ДИЕТОЛОГ» с ежемесячным автосписанием;Завершен;2935.44;г.Москва и Московская область;Яндекс.Касса
1063782;19.12.2019 21:45;24.12.2019 21:58;Подписка «ОНЛАЙН ДИЕТОЛОГ» с ежемесячным автосписанием;Завершен;2935.44;Москва;Яндекс.Касса
1063783;19.12.2019 21:48;19.12.2019 21:53;Подписка «ОНЛАЙН ДИЕТОЛОГ» с ежемесячным автосписанием;Завершен;2935.44;Тюменская область;Яндекс.Касса
1063785;19.12.2019 21:50;;Подписка «ОНЛАЙН ДИЕТОЛОГ» с ежемесячным автосписанием;Отменен;0;Мурманск;
1063786;19.12.2019 21:52;19.12.2019 23:31;Подписка «ОНЛАЙН ДИЕТОЛОГ» с ежемесячным автосписанием;Завершен;2935.44;Ростовская область;Яндекс.Касса
1063787;19.12.2019 21:53;20.12.2019 16:31;Подписка «ОНЛАЙН ДИЕТОЛОГ» с ежемесячным автосписанием;Завершен;2935.44;г.Москва и Московская область;Яндекс.Касса
1063789;19.12.2019 21:57;20.12.2019 18:18;Курс обучения «Консультант»;Завершен;9800.36;Таганрог;Сбербанк эквайринг
1063792;19.12.2019 22:00;19.12.2019 22:13;Подписка «ОНЛАЙН ДИЕТОЛОГ» с ежемесячным автосписанием;Завершен;2935.44;Балхаш;Яндекс.Касса
1063793;19.12.2019 22:02;19.12.2019 22:05;Подписка «ОНЛАЙН ДИЕТОЛОГ» с ежемесячным автосписанием;Завершен;2944.5;Краснодарский край;CloudPayments
1063796;19.12.2019 22:08;;Подписка «ОНЛАЙН ДИЕТОЛОГ» с ежемесячным автосписанием;Отменен;0;Ростовская область;
1063797;19.12.2019 22:25;20.12.2019 12:54;Курс от Школы Диетологов. Повышение квалификации. ;Завершен;9898.56;Киров;Сбербанк эквайринг,Бонусный счет
1063799;19.12.2019 22:36;21.12.2019 22:32;Подписка «ОНЛАЙН ДИЕТОЛОГ» с ежемесячным автосписанием;Завершен;2935.44;Уфа;Яндекс.Касса
1063801;19.12.2019 22:53;19.12.2019 23:07;Подписка «ОНЛАЙН ДИЕТОЛОГ» с ежемесячным автосписанием;Завершен;2935.44;г.Москва и Московская область;Яндекс.Касса
1063802;19.12.2019 23:07;;Подписка «ОНЛАЙН ДИЕТОЛОГ» с ежемесячным автосписанием;Отменен;0;Челябинск;
1063805;19.12.2019 23:27;19.12.2019 23:50;Подписка «ОНЛАЙН ДИЕТОЛОГ» с ежемесячным автосписанием;Завершен;2935.44;Тамбовская область;Яндекс.Касса
1063806;19.12.2019 23:35;19.12.2019 23:40;Подписка «ОНЛАЙН ДИЕТОЛОГ» с ежемесячным автосписанием;Завершен;2935.44;Краснодарский край;Яндекс.Касса
1063810;20.12.2019 7:53;;Подписка «ОНЛАЙН ДИЕТОЛОГ» с ежемесячным автосписанием;Отменен;0;Чувашская Республика - Чувашия;
1063826;20.12.2019 17:14;21.12.2019 13:53;Курс обучения «Консультант»;Завершен;9800.36;Кунгур;Сбербанк эквайринг
1063829;20.12.2019 19:43;20.12.2019 19:46;Подписка «ОНЛАЙН ДИЕТОЛОГ» с ежемесячным автосписанием;Завершен;2935.44;Обнинск;Яндекс.Касса
1063844;20.12.2019 21:43;;Курс обучения «Консультант»;Отменен;0;Свердловская область;
1063847;20.12.2019 21:55;;Курс обучения «Эксперт»;Отменен;0;;
1063888;21.12.2019 10:44;;Курс от Школы Диетологов. Повышение квалификации. ;Отменен;0;Екатеринбург ;
1063891;21.12.2019 11:10;;Курс обучения «Консультант»;Отменен;0;Свердловская область;
1063910;21.12.2019 12:49;;Подписка «ОНЛАЙН ДИЕТОЛОГ» с ежемесячным автосписанием;Отменен;0;;
1063918;21.12.2019 13:28;22.12.2019 14:38;Курс обучения «Консультант»;Завершен;8516.75;Ростовская область;Бонусный счет,Яндекс.Касса
1063964;21.12.2019 19:04;21.12.2019 19:06;Курс от Школы Диетологов. Бизнес;Завершен;3959.42;Москва;Сбербанк эквайринг,Бонусный счет
1063969;21.12.2019 19:47;21.12.2019 19:49;Подписка «ОНЛАЙН ДИЕТОЛОГ» с ежемесячным автосписанием;Завершен;2935.44;Краснодар;Яндекс.Касса
1063990;21.12.2019 22:27;23.12.2019 18:23;Курс обучения «Консультант»;Завершен;9305.36;Владимирская область;Сбербанк эквайринг
1064027;22.12.2019 16:54;;Подписка «ОНЛАЙН ДИЕТОЛОГ» с ежемесячным автосписанием;Отменен;0;Ростовская область;
1064042;22.12.2019 21:38;23.12.2019 13:25;Подписка «ОНЛАЙН ДИЕТОЛОГ» с ежемесячным автосписанием;Завершен;2935.44;Обоянь Курская область;Яндекс.Касса
1064044;22.12.2019 21:45;;Курс обучения «Специалист»;Отменен;0;Республика Коми;
1064053;23.12.2019 0:38;23.12.2019 0:42;Курс обучения «Специалист»;Завершен;29695.7;Магаданская область;Сбербанк эквайринг
1064079;23.12.2019 13:20;;Курс обучения «Консультант»;Отменен;0;Ханты-Мансийский автономный округ - Югра;
1064087;23.12.2019 15:00;23.12.2019 16:03;Курс от Школы Диетологов. Повышение квалификации. ;Завершен;9898.56;Курск;Сбербанк эквайринг,Бонусный счет
1064106;23.12.2019 18:12;;Курс обучения «Консультант»;Отменен;0;Республика Дагестан;
1064114;23.12.2019 19:10;23.12.2019 19:16;Подписка «ОНЛАЙН ДИЕТОЛОГ» с ежемесячным автосписанием;Завершен;2935.44;a.s;Яндекс.Касса
1064122;23.12.2019 21:46;;Курс обучения «Консультант»;Отменен;0;Ростовская область;
1064123;23.12.2019 21:54;;Курс обучения «Эксперт»;Отменен;0;Краснодарский край;
1064127;23.12.2019 22:56;23.12.2019 23:17;Подписка «ОНЛАЙН ДИЕТОЛОГ» с ежемесячным автосписанием;Завершен;2935.44;Усинск;Яндекс.Касса
1064133;24.12.2019 0:36;24.12.2019 0:43;Подписка «ОНЛАЙН ДИЕТОЛОГ» с ежемесячным автосписанием;Завершен;2935.44;Сахалинская область;Яндекс.Касса
1064143;24.12.2019 7:00;;Курс обучения «Эксперт»;Отменен;0;Ростовская область;
1064215;24.12.2019 17:19;24.12.2019 17:22;Подписка «ОНЛАЙН ДИЕТОЛОГ» с ежемесячным автосписанием;Завершен;2935.44;г.Москва и Московская область;Яндекс.Касса
1064251;24.12.2019 21:43;26.12.2019 20:34;Курс обучения «Консультант»;Завершен;9800.36;Калининградская область;Сбербанк эквайринг
1064252;24.12.2019 21:57;;Курс обучения «Специалист»;Отменен;0;Тюменская область;
1064318;25.12.2019 13:43;25.12.2019 14:03;Подписка «ОНЛАЙН ДИЕТОЛОГ» с ежемесячным автосписанием;Завершен;2935.44;г.Москва;Яндекс.Касса
1064349;25.12.2019 21:51;;Курс обучения «Эксперт»;Отменен;0;г.Санкт-Петербург и Ленинградская область;
1064351;25.12.2019 22:32;26.12.2019 17:54;Курс от Школы Диетологов. Повышение квалификации. ;Завершен;9898.56;г.Москва и Московская область;Сбербанк эквайринг,Бонусный счет
1064379;26.12.2019 12:48;;Курс обучения «Консультант»;Отменен;0;Брянская область;
1064389;26.12.2019 14:33;26.12.2019 14:35;Подписка «ОНЛАЙН ДИЕТОЛОГ» с ежемесячным автосписанием;Завершен;2935.44;Ставропольский край, г Кисловодск;Яндекс.Касса
1064393;26.12.2019 15:14;;Подписка «ОНЛАЙН ДИЕТОЛОГ» с ежемесячным автосписанием;В работе;0;Ростовская область город Цимлянск ;
1064397;26.12.2019 16:05;28.12.2019 16:41;Курс обучения «Специалист»;Завершен;18789.1;Рязанская область;Сбербанк эквайринг,Бонусный счет
1064400;26.12.2019 16:33;;Курс от Школы Диетологов. Повышение квалификации. ;Отменен;0;Кемерово;
1064405;26.12.2019 17:04;;Курс обучения «Консультант»;Отменен;0;Свердловская область;
1064412;26.12.2019 17:50;27.12.2019 15:58;Курс от Школы Диетологов. Повышение квалификации. ;Завершен;9898.56;Волгоградская область;Сбербанк эквайринг,Бонусный счет
1064413;26.12.2019 18:08;27.12.2019 16:09;Курс обучения «Консультант»;Завершен;8820.32;г.Санкт-Петербург и Ленинградская область;Сбербанк эквайринг
1064423;26.12.2019 19:13;27.12.2019 13:38;Курс обучения «Консультант»;Завершен;7423.92;Курганская область;Сбербанк эквайринг,Бонусный счет
1064425;26.12.2019 19:43;26.12.2019 19:54;Курс обучения «Консультант»;Завершен;7125;Самарская область;Яндекс.Касса,Бонусный счет
1064432;26.12.2019 21:52;;Курс обучения «Эксперт»;Отменен;0;г.Москва и Московская область;
1064433;26.12.2019 23:02;;Курс обучения «Консультант»;Отменен;0;Волгоградская область;
1064440;26.12.2019 23:56;31.12.2019 19:47;Курс обучения «Консультант»;Завершен;7045.92;Краснодарский край;Сбербанк эквайринг,Бонусный счет
1064456;27.12.2019 9:50;;Курс от Школы Диетологов. Повышение квалификации. ;Отменен;0;Приморский край;
1064489;27.12.2019 11:58;27.12.2019 12:03;Курс от Школы Диетологов. Повышение квалификации. ;Завершен;9898.56;Владикавказ;Сбербанк эквайринг,Бонусный счет
1064508;27.12.2019 13:10;;Курс от Школы Диетологов. Повышение квалификации. ;Отменен;0;Хабаровский край;
1064515;27.12.2019 13:46;;Курс от Школы Диетологов. Повышение квалификации. ;Отменен;0;Республика Башкортостан;
1064522;27.12.2019 14:13;;Курс от Школы Диетологов. Бизнес;Отменен;0;г.Москва и Московская область;
1064525;27.12.2019 14:19;;Курс от Школы Диетологов. Бизнес;Отменен;0;Хабаровский край, г. Комсомольск-на-Амуре;
1064526;27.12.2019 14:20;;Курс от Школы Диетологов. Бизнес;Отменен;0;Крым Советский;
1064553;27.12.2019 18:06;27.12.2019 18:09;Курс обучения «Специалист»;Завершен;29695.7;Красноярский край;Сбербанк эквайринг
1064576;27.12.2019 21:58;;Курс обучения «Эксперт»;Отменен;0;г.Москва и Московская область;
1064577;27.12.2019 21:58;27.12.2019 22:03;Курс обучения «Консультант»;Завершен;9800.36;Вологодская область;Сбербанк эквайринг
1064584;27.12.2019 22:58;27.12.2019 23:35;Курс от Школы Диетологов. Повышение квалификации. ;Завершен;9500;Камчатский край,;Яндекс.Касса,Бонусный счет
1064604;28.12.2019 9:00;28.12.2019 9:08;Подписка «ОНЛАЙН ДИЕТОЛОГ» с ежемесячным автосписанием;Завершен;2935.44;Челябинская область;Яндекс.Касса
1064622;28.12.2019 14:29;28.12.2019 14:29;Курс обучения «Консультант»;Завершен;1;София;Другое
1064623;28.12.2019 15:47;;Курс от Школы Диетологов. Бизнес;Отменен;0;Воронежская область;
1064625;28.12.2019 16:18;28.12.2019 17:11;Курс от Школы Диетологов. Повышение квалификации. ;Завершен;9595;;Робокасса,Бонусный счет
1064649;28.12.2019 22:09;30.12.2019 13:14;Подписка «ОНЛАЙН ДИЕТОЛОГ» с ежемесячным автосписанием;Завершен;2935.44;Тульская область;Яндекс.Касса
1064654;28.12.2019 22:59;28.12.2019 23:02;Подписка «ОНЛАЙН ДИЕТОЛОГ» с ежемесячным автосписанием;Завершен;2935.44;Москва;Яндекс.Касса
1064659;29.12.2019 1:03;29.12.2019 1:10;Подписка «ОНЛАЙН ДИЕТОЛОГ» с ежемесячным автосписанием;Завершен;2935.44;Одинцово;Яндекс.Касса
1064679;29.12.2019 12:26;;Курс от Школы Диетологов. Бизнес;Частично оплачен;0;Кемеровская область;Бонусный счет
1064682;29.12.2019 13:58;31.12.2019 12:25;Курс обучения «Консультант»;Завершен;8374.82;г.Москва и Московская область;Сбербанк эквайринг
1064686;29.12.2019 15:52;;Курс от Школы Диетологов. Повышение квалификации. ;Частично оплачен;0;Чеченская Республика;Бонусный счет
1064689;29.12.2019 16:52;29.12.2019 17:02;Курс от Школы Диетологов. Бизнес;Завершен;5398.56;г.Москва и Московская область;Сбербанк эквайринг,Бонусный счет
1064692;29.12.2019 17:13;;Курс обучения «Консультант»;Отменен;0;Свердловская область;
1064712;29.12.2019 22:58;30.12.2019 10:56;Курс обучения «Специалист»;Завершен;3591.84;Тамбовская область;Сбербанк эквайринг,Бонусный счет
1064720;30.12.2019 9:42;30.12.2019 12:49;Подписка «ОНЛАЙН ДИЕТОЛОГ» с ежемесячным автосписанием;Завершен;2935.44;Самарская область;Яндекс.Касса
1064724;30.12.2019 11:32;;Курс обучения «Консультант»;Отменен;0;;
1064775;31.12.2019 2:17;31.12.2019 2:22;Курс обучения «Консультант»;Завершен;7423.92;;Сбербанк эквайринг,Бонусный счет
1064793;31.12.2019 16:40;01.01.2020 14:29;Подписка «ОНЛАЙН ДИЕТОЛОГ» с ежемесячным автосписанием;Завершен;2935.44;Республика Карелия;Яндекс.Касса
1064796;31.12.2019 17:29;31.12.2019 17:32;Курс от Школы Диетологов. Повышение квалификации. ;Завершен;9898.56;Уфа;Сбербанк эквайринг,Бонусный счет
